,Date,Price,Open,High,Low,Change %,Variation,OpenPrice
0,04/01/2023,35.7,34.94,36.39,32.53,0.0218,2.18%,1.021751574127075
1,03/01/2023,34.94,39.4,40.91,32.95,-0.10779999999999999,-10.78%,0.8868020304568528
2,02/01/2023,39.16,34.75,39.83,33.34,0.1097,10.97%,1.1269064748201438
3,01/01/2023,35.29,37.58,38.1,33.73,-0.0902,-9.02%,0.9390633315593401
4,12/01/2022,38.79,35.94,39.05,34.02,0.0475,4.75%,1.0792988313856429
5,11/01/2022,37.03,39.37,42.23,36.68,-0.0917,-9.17%,0.9405638811277623
6,10/01/2022,40.77,37.12,43.33,35.64,0.0718,7.18%,1.0983297413793105
7,09/01/2022,38.04,32.17,39.92,31.76,0.21420000000000003,21.42%,1.1824681380167856
8,08/01/2022,31.33,26.58,31.51,25.25,0.1858,18.58%,1.1787057938299474
9,07/01/2022,26.42,29.32,31.01,26.18,-0.111,-11.10%,0.9010914051841746
10,06/01/2022,29.72,28.71,34.83,28.33,0.045,4.50%,1.0351793800069662
11,05/01/2022,28.44,29.22,31.67,27.08,-0.0149,-1.49%,0.9733059548254621
12,04/01/2022,28.87,24.04,29.54,23.57,0.2407,24.07%,1.2009151414309485
13,03/01/2022,23.27,17.34,25.03,16.82,0.26539999999999997,26.54%,1.3419838523644751
14,02/01/2022,18.39,17.5,20.65,17.43,0.032,3.20%,1.050857142857143
15,01/01/2022,17.82,15.34,18.74,15.33,0.17859999999999998,17.86%,1.1616688396349413
16,12/01/2021,15.12,14.82,15.58,13.43,0.0478,4.78%,1.020242914979757
17,11/01/2021,14.43,15.87,16.93,14.12,-0.0732,-7.32%,0.9092627599243857
18,10/01/2021,15.57,14.96,16.91,14.63,0.0183,1.83%,1.0407754010695187
19,09/01/2021,15.29,13.11,15.67,12.6,0.1725,17.25%,1.1662852784134248
20,08/01/2021,13.04,12.31,13.79,11.29,0.0525,5.25%,1.059301380991064
21,07/01/2021,12.39,14.71,14.85,11.28,-0.1414,-14.14%,0.8422841604350781
22,06/01/2021,14.43,16.25,16.39,14.38,-0.0873,-8.73%,0.888
23,05/01/2021,15.81,16.51,17.0,14.71,-0.030699999999999998,-3.07%,0.9576014536644457
24,04/01/2021,16.31,17.05,17.45,15.29,-0.0659,-6.59%,0.956598240469208
25,03/01/2021,17.46,14.51,17.65,14.03,0.1959,19.59%,1.2033080634045488
26,02/01/2021,14.6,10.79,16.14,10.6,0.3358,33.58%,1.3531047265987026
27,01/01/2021,10.93,9.35,11.87,9.07,0.19190000000000002,19.19%,1.1689839572192513
28,12/01/2020,9.17,8.57,9.86,8.57,0.08650000000000001,8.65%,1.0700116686114352
29,11/01/2020,8.44,8.54,9.75,7.48,-0.018600000000000002,-1.86%,0.9882903981264637
30,10/01/2020,8.6,7.01,8.72,6.53,0.2703,27.03%,1.2268188302425107
31,09/01/2020,6.77,7.2,7.29,6.06,-0.0231,-2.31%,0.9402777777777777
32,08/01/2020,6.93,5.59,7.46,5.04,0.2929,29.29%,1.2397137745974955
33,07/01/2020,5.36,6.81,7.24,5.28,-0.17920000000000003,-17.92%,0.7870778267254039
34,06/01/2020,6.53,6.67,9.57,6.19,0.0077,0.77%,0.9790104947526237
35,05/01/2020,6.48,6.13,7.45,5.9,0.0418,4.18%,1.0570962479608483
36,04/01/2020,6.22,6.1,7.84,5.43,-0.10890000000000001,-10.89%,1.019672131147541
37,03/01/2020,6.98,10.67,12.66,3.98,-0.3807,-38.07%,0.654170571696345
38,02/01/2020,11.27,15.55,16.68,11.27,-0.2586,-25.86%,0.7247588424437298
39,01/01/2020,15.2,19.03,19.03,15.12,-0.2079,-20.79%,0.7987388334209142
40,12/01/2019,19.19,18.33,19.49,16.93,0.0805,8.05%,1.0469176213857068
41,11/01/2019,17.76,16.77,19.71,16.7,0.050300000000000004,5.03%,1.0590339892665475
42,10/01/2019,16.91,17.27,18.6,15.1,0.0096,0.96%,0.9791546033584251
43,09/01/2019,16.75,14.83,19.03,14.29,0.11220000000000001,11.22%,1.129467296021578
44,08/01/2019,15.06,20.28,20.28,14.46,-0.2548,-25.48%,0.742603550295858
45,07/01/2019,20.21,20.26,21.48,19.43,0.0105,1.05%,0.9975320829220138
46,06/01/2019,20.0,21.12,21.74,19.75,-0.0663,-6.63%,0.9469696969696969
47,05/01/2019,21.42,25.04,25.76,21.37,-0.1463,-14.63%,0.8554313099041535
48,04/01/2019,25.09,24.42,26.14,24.24,0.0394,3.94%,1.0274365274365274
49,03/01/2019,24.14,27.37,27.59,23.56,-0.1096,-10.96%,0.8819875776397516
50,02/01/2019,27.11,26.31,27.34,26.25,0.0288,2.88%,1.030406689471684
51,01/01/2019,26.35,26.52,27.99,25.54,-0.019,-1.90%,0.9935897435897436
52,12/01/2018,26.86,30.41,30.41,26.79,-0.1085,-10.85%,0.8832620848405129
53,11/01/2018,30.13,31.64,32.39,30.08,-0.0462,-4.62%,0.9522756005056889
54,10/01/2018,31.59,30.86,32.48,30.46,0.0337,3.37%,1.023655217109527
55,09/01/2018,30.56,28.69,31.1,28.68,0.0712,7.12%,1.0651795050540258
56,08/01/2018,28.53,29.92,30.16,28.08,-0.0374,-3.74%,0.953542780748663
57,07/01/2018,29.64,28.29,29.9,28.11,0.0404,4.04%,1.0477200424178155
58,06/01/2018,28.49,29.0,30.09,28.24,0.0096,0.96%,0.9824137931034482
59,05/01/2018,28.22,29.59,31.15,27.59,-0.0388,-3.88%,0.9537005745184184
60,04/01/2018,29.36,27.63,30.35,27.17,0.0711,7.11%,1.0626131017010496
61,03/01/2018,27.41,28.31,29.36,27.39,-0.0443,-4.43%,0.9682091133874956
62,02/01/2018,28.68,27.43,29.43,27.22,0.054400000000000004,5.44%,1.045570543200875
63,01/01/2018,27.2,24.33,27.54,24.25,0.131,13.10%,1.1179613645704891
64,12/01/2017,24.05,23.83,24.99,23.14,-0.005,-0.50%,1.009232060428032
65,11/01/2017,24.17,23.98,24.37,23.04,0.0173,1.73%,1.0079232693911593
66,10/01/2017,23.76,23.41,24.75,22.73,0.0215,2.15%,1.0149508756941479
67,09/01/2017,23.26,21.27,23.44,20.34,0.0967,9.67%,1.0935590032910203
68,08/01/2017,21.21,23.05,23.21,20.91,-0.0746,-7.46%,0.9201735357917571
69,07/01/2017,22.92,23.09,23.96,22.25,-0.0043,-0.43%,0.9926375054135991
70,06/01/2017,23.02,22.29,23.05,21.03,0.0483,4.83%,1.0327501121579183
71,05/01/2017,21.96,22.91,24.23,21.91,-0.0377,-3.77%,0.9585333915320821
72,04/01/2017,22.82,23.8,23.91,21.77,-0.047599999999999996,-4.76%,0.9588235294117647
73,03/01/2017,23.96,24.35,26.15,23.48,0.0161,1.61%,0.9839835728952772
74,02/01/2017,23.58,24.87,25.24,23.14,-0.0379,-3.79%,0.948130277442702
75,01/01/2017,24.51,25.11,25.55,23.09,0.002,0.20%,0.97610513739546
76,12/01/2016,24.46,24.14,26.21,23.46,0.0329,3.29%,1.0132560066280034
77,11/01/2016,23.68,18.47,24.17,17.71,0.2912,29.12%,1.282079047103411
78,10/01/2016,18.34,16.0,18.79,15.96,0.1405,14.05%,1.14625
79,09/01/2016,16.08,15.94,17.52,15.19,0.0255,2.55%,1.0087829360100375
80,08/01/2016,15.68,14.94,16.35,14.75,0.0754,7.54%,1.0495314591700133
81,07/01/2016,14.58,14.29,16.28,13.36,-0.0202,-2.02%,1.0202939118264522
82,06/01/2016,14.88,18.3,18.49,14.5,-0.1887,-18.87%,0.8131147540983606
83,05/01/2016,18.34,18.16,18.9,17.05,0.008199999999999999,0.82%,1.0099118942731278
84,04/01/2016,18.19,17.78,19.41,16.85,0.018500000000000003,1.85%,1.0230596175478066
85,03/01/2016,17.86,17.49,20.02,17.28,0.0264,2.64%,1.0211549456832476
86,02/01/2016,17.4,19.3,19.66,15.67,-0.0989,-9.89%,0.9015544041450776
87,01/01/2016,19.31,22.3,22.61,19.11,-0.149,-14.90%,0.8659192825112106
88,12/01/2015,22.69,22.29,23.56,21.32,0.023,2.30%,1.0179452669358457
89,11/01/2015,22.18,21.75,23.77,21.67,0.0311,3.11%,1.0197701149425287
90,10/01/2015,21.51,20.39,21.82,19.06,0.044199999999999996,4.42%,1.0549288867091713
91,09/01/2015,20.6,21.65,23.03,20.47,-0.0636,-6.36%,0.9515011547344112
92,08/01/2015,22.0,21.94,22.93,19.05,-0.0023,-0.23%,1.0027347310847765
93,07/01/2015,22.05,24.18,24.7,21.87,-0.0557,-5.57%,0.9119106699751861
94,06/01/2015,23.35,21.25,24.89,21.06,0.11460000000000001,11.46%,1.0988235294117648
95,05/01/2015,20.95,20.67,23.35,20.58,0.0239,2.39%,1.0135462022254473
96,04/01/2015,20.46,18.92,21.1,18.43,0.0579,5.79%,1.0813953488372092
97,03/01/2015,19.34,20.14,22.59,18.52,-0.034,-3.40%,0.9602780536246276
98,02/01/2015,20.02,16.74,21.52,16.54,0.19519999999999998,19.52%,1.1959378733572283
99,01/01/2015,16.75,21.97,22.13,16.51,-0.2281,-22.81%,0.7624032771961766
100,12/01/2014,21.7,21.57,23.31,20.45,-0.0109,-1.09%,1.00602688919796
101,11/01/2014,21.94,23.25,24.07,21.94,-0.0604,-6.04%,0.9436559139784947
102,10/01/2014,23.35,24.75,24.84,18.68,-0.069,-6.90%,0.9434343434343435
103,09/01/2014,25.08,23.93,26.42,23.82,0.0704,7.04%,1.0480568324279147
104,08/01/2014,23.43,25.82,25.91,23.05,-0.0833,-8.33%,0.907436096049574
105,07/01/2014,25.56,25.5,26.92,24.48,0.0159,1.59%,1.0023529411764704
106,06/01/2014,25.16,25.0,26.59,24.87,0.024,2.40%,1.0064
107,05/01/2014,24.57,26.6,27.0,24.02,-0.0721,-7.21%,0.9236842105263158
108,04/01/2014,26.48,27.43,28.08,25.96,-0.0275,-2.75%,0.965366387167335
109,03/01/2014,27.23,26.12,28.21,25.96,0.0245,2.45%,1.0424961715160797
110,02/01/2014,26.58,26.77,27.81,25.79,-0.0037,-0.37%,0.9929025028016436
111,01/01/2014,26.68,30.28,30.34,26.46,-0.1183,-11.83%,0.8811096433289299
112,12/01/2013,30.26,27.81,30.36,27.59,0.10400000000000001,10.40%,1.0880978065444087
113,11/01/2013,27.41,25.89,28.39,25.72,0.0783,7.83%,1.0587099266125917
114,10/01/2013,25.42,26.46,27.57,24.71,-0.0279,-2.79%,0.9606953892668179
115,09/01/2013,26.15,28.37,29.84,25.99,-0.0487,-4.87%,0.9217483256961578
116,08/01/2013,27.49,26.01,29.2,25.52,0.0602,6.02%,1.0569011918492885
117,07/01/2013,25.93,25.21,27.25,24.51,0.0464,4.64%,1.0285600952003173
118,06/01/2013,24.78,21.68,26.57,19.99,0.1451,14.51%,1.142988929889299
119,05/01/2013,21.64,16.58,22.11,16.14,0.2919,29.19%,1.3051869722557299
120,04/01/2013,16.75,18.85,18.88,16.38,-0.0956,-9.56%,0.8885941644562334
121,03/01/2013,18.52,18.5,20.86,18.33,-0.0191,-1.91%,1.001081081081081
122,02/01/2013,18.88,20.1,20.54,18.43,-0.0489,-4.89%,0.9393034825870645
123,01/01/2013,19.85,18.42,20.37,18.03,0.1304,13.04%,1.0776330076004343
124,12/01/2012,17.56,16.44,18.47,15.64,0.0934,9.34%,1.0681265206812651
125,11/01/2012,16.06,17.15,17.79,15.56,-0.047400000000000005,-4.74%,0.9364431486880467
126,10/01/2012,16.86,16.2,18.52,16.11,0.029900000000000003,2.99%,1.0407407407407407
127,09/01/2012,16.37,15.65,18.92,15.48,0.048,4.80%,1.0460063897763578
128,08/01/2012,15.62,14.92,18.63,14.49,0.046900000000000004,4.69%,1.0469168900804289
129,07/01/2012,14.92,16.43,16.43,13.94,-0.1007,-10.07%,0.9080949482653682
130,06/01/2012,16.59,15.21,16.86,14.4,0.0493,4.93%,1.0907297830374754
131,05/01/2012,15.81,19.19,19.61,15.33,-0.1744,-17.44%,0.8238665971860344
132,04/01/2012,19.15,22.0,22.84,19.07,-0.1358,-13.58%,0.8704545454545454
133,03/01/2012,22.16,20.33,23.97,19.31,0.1209,12.09%,1.090014756517462
134,02/01/2012,19.77,18.07,20.8,18.0,0.0989,9.89%,1.0940785832872164
135,01/01/2012,17.99,19.51,20.94,17.97,-0.0385,-3.85%,0.9220912352639671
136,12/01/2011,18.71,21.28,21.56,18.01,-0.0953,-9.53%,0.8792293233082706
137,11/01/2011,20.68,20.29,21.37,18.79,-0.0492,-4.92%,1.0192212912764909
138,10/01/2011,21.75,18.83,24.07,17.17,0.1305,13.05%,1.1550716941051515
139,09/01/2011,19.24,22.02,22.78,16.96,-0.1326,-13.26%,0.8737511353315167
140,08/01/2011,22.18,27.92,28.21,19.78,-0.20929999999999999,-20.93%,0.7944126074498566
141,07/01/2011,28.05,31.47,32.23,28.05,-0.1118,-11.18%,0.8913250714966635
142,06/01/2011,31.58,30.15,32.16,28.47,0.0354,3.54%,1.04742951907131
143,05/01/2011,30.5,33.12,33.12,30.41,-0.0746,-7.46%,0.9208937198067634
144,04/01/2011,32.96,34.98,36.19,32.86,-0.045700000000000005,-4.57%,0.9422527158376216
145,03/01/2011,34.54,34.64,35.95,31.41,0.011699999999999999,1.17%,0.9971131639722863
146,02/01/2011,34.14,34.28,37.44,33.98,0.010700000000000001,1.07%,0.9959159859976663
147,01/01/2011,33.78,33.77,34.97,32.55,0.022099999999999998,2.21%,1.0002961208172934
148,12/01/2010,33.05,29.03,35.66,28.9,0.1816,18.16%,1.1384774371339992
149,11/01/2010,27.97,25.88,29.63,24.6,0.0708,7.08%,1.080757341576507
150,10/01/2010,26.12,25.46,27.2,23.34,0.0377,3.77%,1.025923016496465
151,09/01/2010,25.17,24.91,28.27,24.49,0.0161,1.61%,1.0104375752709756
152,08/01/2010,24.77,29.34,29.64,24.19,-0.1479,-14.79%,0.8442399454669394
153,07/01/2010,29.07,29.29,31.24,28.83,-0.0149,-1.49%,0.9924889040628201
154,06/01/2010,29.51,32.59,34.25,29.47,-0.106,-10.60%,0.905492482356551
155,05/01/2010,33.01,36.95,37.13,30.98,-0.09880000000000001,-9.88%,0.8933694181326115
156,04/01/2010,36.63,38.59,40.13,36.55,-0.0444,-4.44%,0.9492096398030577
157,03/01/2010,38.33,36.17,39.3,35.93,0.0662,6.62%,1.0597179983411666
158,02/01/2010,35.95,36.33,38.28,35.37,-0.0039000000000000003,-0.39%,0.9895403248004405
159,01/01/2010,36.09,38.59,38.59,35.76,-0.060899999999999996,-6.09%,0.9352163772998187
160,12/01/2009,38.43,32.31,39.18,32.23,0.2006,20.06%,1.1894150417827296
161,11/01/2009,32.01,34.03,35.64,32.0,-0.056299999999999996,-5.63%,0.9406406112253892
162,10/01/2009,33.92,32.9,35.79,31.06,0.025699999999999997,2.57%,1.031003039513678
163,09/01/2009,33.07,33.99,35.35,32.72,-0.0276,-2.76%,0.9729332156516622
164,08/01/2009,34.01,35.65,38.86,33.94,-0.0286,-2.86%,0.9539971949509116
165,07/01/2009,35.01,35.89,37.66,32.65,-0.0062,-0.62%,0.9754806352744496
166,06/01/2009,35.23,35.05,40.14,34.56,0.0167,1.67%,1.005135520684736
167,05/01/2009,34.65,31.67,37.58,30.77,0.1092,10.92%,1.094095358383328
168,04/01/2009,31.24,26.59,31.66,26.34,0.1635,16.35%,1.1748777735990974
169,03/01/2009,26.85,29.63,30.41,24.64,-0.11710000000000001,-11.71%,0.9061761727978401
170,02/01/2009,30.41,28.33,30.54,26.28,0.0693,6.93%,1.0734204024002825
171,01/01/2009,28.44,22.03,28.56,21.59,0.26739999999999997,26.74%,1.2909668633681344
172,12/01/2008,22.44,28.83,28.87,20.38,-0.24109999999999998,-24.11%,0.7783558792924038
173,11/01/2008,29.57,39.37,39.64,29.3,-0.2552,-25.52%,0.7510795021590043
174,10/01/2008,39.7,37.48,41.09,34.0,0.0374,3.74%,1.0592315901814302
175,09/01/2008,38.27,38.47,39.05,32.5,0.0037,0.37%,0.9948011437483755
176,08/01/2008,38.13,39.42,40.9,37.63,-0.0417,-4.17%,0.967275494672755
177,07/01/2008,39.79,39.42,41.74,37.69,0.0,0.00%,1.0093860984271943
178,06/01/2008,39.79,40.25,43.24,38.56,-0.0166,-1.66%,0.9885714285714285
179,05/01/2008,40.46,37.51,41.39,36.82,0.0764,7.64%,1.0786456944814717
180,04/01/2008,37.59,34.86,38.88,34.3,0.0953,9.53%,1.0783132530120483
181,03/01/2008,34.32,35.62,37.04,32.88,-0.028900000000000002,-2.89%,0.9635036496350365
182,02/01/2008,35.34,36.52,39.6,35.26,-0.028900000000000002,-2.89%,0.9676889375684556
183,01/01/2008,36.39,40.33,40.52,32.81,-0.0981,-9.81%,0.9023059757004712
184,12/01/2007,40.35,39.44,42.81,38.4,0.0159,1.59%,1.0230730223123734
185,11/01/2007,39.72,44.55,44.57,38.45,-0.1124,-11.24%,0.8915824915824916
186,10/01/2007,44.75,45.79,47.19,43.12,-0.0227,-2.27%,0.9772876173837083
187,09/01/2007,45.79,45.14,47.02,43.01,0.009300000000000001,0.93%,1.0143996455471864
188,08/01/2007,45.37,47.33,48.9,44.96,-0.049,-4.90%,0.9585886330023241
189,07/01/2007,47.71,50.31,52.01,47.41,-0.0521,-5.21%,0.9483204134366925
190,06/01/2007,50.33,48.98,53.16,48.74,0.0292,2.92%,1.027562270314414
191,05/01/2007,48.9,46.18,49.21,46.02,0.0562,5.62%,1.0588999566912083
192,04/01/2007,46.3,46.38,47.75,46.12,-0.0039000000000000003,-0.39%,0.9982751185855971
193,03/01/2007,46.48,45.23,46.72,44.73,0.0215,2.15%,1.0276365244306875
194,02/01/2007,45.5,48.14,48.7,45.09,-0.0572,-5.72%,0.9451599501454092
195,01/01/2007,48.26,46.58,49.06,45.83,0.0246,2.46%,1.0360669815371404
196,12/01/2006,47.1,44.79,47.2,44.04,0.0565,5.65%,1.0515740120562627
197,11/01/2006,44.58,46.1,47.37,44.56,-0.0321,-3.21%,0.9670281995661605
198,10/01/2006,46.06,46.53,48.48,45.59,-0.0058,-0.58%,0.98989898989899
199,09/01/2006,46.33,47.24,48.48,45.3,-0.0209,-2.09%,0.9807366638441998
200,08/01/2006,47.32,50.02,50.18,47.28,-0.0513,-5.13%,0.9460215913634545
201,07/01/2006,49.88,51.55,52.41,49.79,-0.0292,-2.92%,0.9676042677012611
202,06/01/2006,51.38,51.37,52.45,49.49,0.0049,0.49%,1.0001946661475571
203,05/01/2006,51.13,50.59,51.92,49.8,0.0087,0.87%,1.0106740462542003
204,04/01/2006,50.69,48.84,51.43,48.35,0.044500000000000005,4.45%,1.0378787878787878
205,03/01/2006,48.53,45.61,48.84,45.51,0.0673,6.73%,1.0640210480157861
206,02/01/2006,45.47,45.29,46.3,45.0,0.0044,0.44%,1.0039743872819606
207,01/01/2006,45.27,44.24,45.57,42.89,0.03,3.00%,1.0232820976491863
208,12/01/2005,43.95,44.76,45.81,43.34,-0.0233,-2.33%,0.9819034852546918
209,11/01/2005,45.0,45.45,46.82,43.88,-0.0129,-1.29%,0.9900990099009901
210,10/01/2005,45.59,43.2,46.05,43.17,0.053399999999999996,5.34%,1.0553240740740741
211,09/01/2005,43.28,40.43,43.41,39.83,0.0766,7.66%,1.0704922087558744
212,08/01/2005,40.2,43.0,44.35,40.05,-0.0621,-6.21%,0.9348837209302326
213,07/01/2005,42.86,39.44,42.98,39.42,0.0864,8.64%,1.0867139959432048
214,06/01/2005,39.45,39.7,41.52,38.03,-0.0152,-1.52%,0.9937027707808564
215,05/01/2005,40.06,41.92,42.92,39.92,-0.0464,-4.64%,0.9556297709923665
216,04/01/2005,42.01,44.88,45.41,41.44,-0.06559999999999999,-6.56%,0.9360516934046345
217,03/01/2005,44.96,43.63,46.93,42.89,0.031400000000000004,3.14%,1.0304836121934449
218,02/01/2005,43.59,41.29,43.84,39.77,0.054900000000000004,5.49%,1.055703560184064
219,01/01/2005,41.32,42.57,43.13,41.18,-0.0199,-1.99%,0.9706365985435753
220,12/01/2004,42.16,43.38,44.2,40.69,-0.0326,-3.26%,0.9718764407561087
221,11/01/2004,43.58,40.5,43.82,40.36,0.0817,8.17%,1.0760493827160493
222,10/01/2004,40.29,41.62,42.58,39.43,-0.0218,-2.18%,0.9680442095146564
223,09/01/2004,41.19,40.94,42.98,39.63,-0.0031,-0.31%,1.0061064973131413
224,08/01/2004,41.32,44.32,44.73,40.96,-0.0766,-7.66%,0.9323104693140795
225,07/01/2004,44.75,46.02,46.41,43.51,-0.0308,-3.08%,0.9724033029117775
226,06/01/2004,46.17,46.79,48.74,45.89,-0.008199999999999999,-0.82%,0.9867493054071383
227,05/01/2004,46.55,45.32,49.04,44.41,0.0342,3.42%,1.0271403353927626
228,04/01/2004,45.01,38.37,46.34,38.31,0.17309999999999998,17.31%,1.1730518634349754
229,03/01/2004,38.37,39.86,41.06,36.5,-0.0369,-3.69%,0.9626191670847968
230,02/01/2004,39.84,41.66,42.03,39.82,-0.037200000000000004,-3.72%,0.9563130100816132
231,01/01/2004,41.38,42.72,44.18,39.18,-0.027999999999999997,-2.80%,0.9686329588014982
232,12/01/2003,42.57,43.43,44.5,40.99,-0.0146,-1.46%,0.9801980198019802
233,11/01/2003,43.2,43.26,44.91,41.13,0.0044,0.44%,0.998613037447989
234,10/01/2003,43.01,39.49,44.75,39.12,0.0925,9.25%,1.0891364902506964
235,09/01/2003,39.37,45.61,46.16,39.35,-0.1161,-11.61%,0.8631878973909229
236,08/01/2003,44.54,45.85,46.68,41.9,-0.0045000000000000005,-0.45%,0.9714285714285714
237,07/01/2003,44.74,35.07,45.66,34.59,0.2681,26.81%,1.275734245794126
238,06/01/2003,35.28,34.08,35.97,30.74,0.053099999999999994,5.31%,1.035211267605634
239,05/01/2003,33.5,38.32,39.55,32.9,-0.13140000000000002,-13.14%,0.8742171189979123
240,04/01/2003,38.57,38.04,40.8,37.8,0.0089,0.89%,1.013932702418507
241,03/01/2003,38.23,37.11,41.17,35.49,0.0344,3.44%,1.0301805443276744
242,02/01/2003,36.96,40.03,40.38,36.92,-0.0702,-7.02%,0.9233075193604796
243,01/01/2003,39.75,38.75,42.03,38.6,0.041100000000000005,4.11%,1.0258064516129033
244,12/01/2002,38.18,43.5,43.51,37.59,-0.09380000000000001,-9.38%,0.8777011494252873
245,11/01/2002,42.13,39.09,42.72,37.75,0.07719999999999999,7.72%,1.0777692504476848
246,10/01/2002,39.11,36.84,42.73,35.59,0.0843,8.43%,1.0616178067318132
247,09/01/2002,36.07,40.54,41.06,35.67,-0.1281,-12.81%,0.8897385298470647
248,08/01/2002,41.37,44.45,44.7,39.59,-0.0735,-7.35%,0.9307086614173227
249,07/01/2002,44.65,48.05,48.69,42.24,-0.07440000000000001,-7.44%,0.9292403746097815
250,06/01/2002,48.24,50.78,51.12,46.17,-0.0434,-4.34%,0.9499803072075621
251,05/01/2002,50.43,50.83,53.27,50.11,-0.009399999999999999,-0.94%,0.9921306315168208
252,04/01/2002,50.91,53.9,54.57,50.33,-0.0583,-5.83%,0.9445269016697587
253,03/01/2002,54.06,48.91,54.52,48.91,0.11259999999999999,11.26%,1.1052954406051934
254,02/01/2002,48.59,50.41,50.5,47.99,-0.033,-3.30%,0.9638960523705615
255,01/01/2002,50.25,50.66,52.17,47.86,-0.0014000000000000002,-0.14%,0.9919068298460324
256,12/01/2001,50.32,47.35,53.85,46.24,0.060700000000000004,6.07%,1.0627243928194297
257,11/01/2001,47.44,42.17,50.77,40.96,0.1128,11.28%,1.1249703580744603
258,10/01/2001,42.63,45.67,46.99,42.55,-0.0682,-6.82%,0.9334355156557915
259,09/01/2001,45.75,48.48,49.88,45.09,-0.05,-5.00%,0.9436881188118812
260,08/01/2001,48.16,50.54,51.93,47.1,-0.043899999999999995,-4.39%,0.9529085872576176
261,07/01/2001,50.37,54.08,54.25,50.33,-0.0655,-6.55%,0.9313979289940828
262,06/01/2001,53.9,53.66,54.39,49.99,-0.0042,-0.42%,1.004472605292583
263,05/01/2001,54.13,53.26,55.27,50.81,0.0141,1.41%,1.016334960570785
264,04/01/2001,53.38,48.86,53.93,48.38,0.0861,8.61%,1.09250920998772
265,03/01/2001,49.15,48.6,51.21,46.89,0.0014000000000000002,0.14%,1.0113168724279835
266,02/01/2001,49.08,50.82,52.27,48.72,-0.052300000000000006,-5.23%,0.9657615112160566
267,01/01/2001,51.79,50.75,54.94,48.74,0.013500000000000002,1.35%,1.0204926108374384
268,12/01/2000,51.1,54.93,55.34,49.94,-0.0605,-6.05%,0.930274895321318
269,11/01/2000,54.39,57.4,58.85,54.27,-0.0552,-5.52%,0.9475609756097562
270,10/01/2000,57.57,57.91,58.97,55.53,-0.0036,-0.36%,0.9941288205836644
271,09/01/2000,57.78,57.16,59.9,55.71,0.0086,0.86%,1.0108467459762072
272,08/01/2000,57.29,60.2,60.2,56.83,-0.049800000000000004,-4.98%,0.9516611295681062
273,07/01/2000,60.29,60.35,61.8,59.25,0.0018,0.18%,0.9990057995028997
274,06/01/2000,60.18,62.72,62.72,59.48,-0.0425,-4.25%,0.9595025510204082
275,05/01/2000,62.85,62.27,65.64,62.14,0.011399999999999999,1.14%,1.0093142765376586
276,04/01/2000,62.14,60.02,62.91,57.06,0.0317,3.17%,1.0353215594801732
277,03/01/2000,60.23,63.88,64.43,59.37,-0.0602,-6.02%,0.942861615529117
278,02/01/2000,64.09,66.3,66.83,63.24,-0.0387,-3.87%,0.9666666666666668
279,01/01/2000,66.67,64.98,68.23,64.11,0.0361,3.61%,1.026008002462296
280,12/01/1999,64.35,62.24,64.4,60.63,0.0441,4.41%,1.0339010282776349
281,11/01/1999,61.63,60.36,62.11,58.67,0.026699999999999998,2.67%,1.021040424121935
282,10/01/1999,60.03,59.23,62.53,59.23,0.020099999999999996,2.01%,1.0135066689177783
283,09/01/1999,58.85,59.66,60.29,57.39,-0.015700000000000002,-1.57%,0.9864230640295005
284,08/01/1999,59.79,58.98,61.62,57.17,0.012199999999999999,1.22%,1.013733468972533
285,07/01/1999,59.07,58.23,59.39,56.29,0.0167,1.67%,1.0144255538382279
286,06/01/1999,58.1,56.49,60.6,56.24,0.0355,3.55%,1.0285006195786865
287,05/01/1999,56.11,53.63,56.91,53.37,0.048799999999999996,4.88%,1.046242774566474
288,04/01/1999,53.5,52.08,53.67,49.98,0.0222,2.22%,1.0272657450076805
289,03/01/1999,52.34,52.68,54.27,50.63,-0.0072,-0.72%,0.9935459377372817
290,02/01/1999,52.72,46.73,53.45,46.73,0.133,13.30%,1.1281831799700408
291,01/01/1999,46.53,46.38,49.44,46.1,0.0032,0.32%,1.0032341526520052
292,12/01/1998,46.38,46.78,48.78,44.98,-0.018600000000000002,-1.86%,0.9914493373236426
293,11/01/1998,47.26,46.26,49.66,46.07,0.026699999999999998,2.67%,1.0216169476869865
294,10/01/1998,46.03,43.26,48.39,41.01,0.0438,4.38%,1.0640314378178457
295,09/01/1998,44.1,50.2,51.08,44.02,-0.12359999999999999,-12.36%,0.8784860557768924
296,08/01/1998,50.32,54.74,54.74,50.17,-0.08410000000000001,-8.41%,0.9192546583850931
297,07/01/1998,54.94,54.5,55.49,53.69,0.011000000000000001,1.10%,1.0080733944954128
298,06/01/1998,54.34,55.26,56.24,53.66,-0.0202,-2.02%,0.9833514296055014
299,05/01/1998,55.46,56.42,57.69,55.26,-0.021400000000000002,-2.14%,0.9829847571783056
300,04/01/1998,56.67,56.41,58.25,54.04,0.0009,0.09%,1.0046091118595994
301,03/01/1998,56.62,56.28,58.3,54.99,0.008199999999999999,0.82%,1.0060412224591329
302,02/01/1998,56.16,55.28,57.03,54.06,0.0189,1.89%,1.0159189580318377
303,01/01/1998,55.12,57.31,57.35,52.81,-0.039599999999999996,-3.96%,0.9617867736869655
304,12/01/1997,57.39,58.51,59.77,56.61,-0.0191,-1.91%,0.9808579729960691
305,11/01/1997,58.51,58.77,59.57,57.84,0.0055000000000000005,0.55%,0.9955759741364641
306,10/01/1997,58.19,60.81,62.09,57.4,-0.0472,-4.72%,0.9569149810886367
307,09/01/1997,61.07,63.56,63.91,60.22,-0.0352,-3.52%,0.960824417872876
308,08/01/1997,63.3,59.92,64.25,59.92,0.054299999999999994,5.43%,1.0564085447263016
309,07/01/1997,60.04,64.98,65.11,59.92,-0.0766,-7.66%,0.9239766081871345
310,06/01/1997,65.02,66.42,66.85,63.44,-0.0242,-2.42%,0.9789220114423366
311,05/01/1997,66.63,66.98,68.12,66.16,-0.0058,-0.58%,0.9947745595700208
312,04/01/1997,67.02,68.98,69.86,66.75,-0.0297,-2.97%,0.971585966946941
313,03/01/1997,69.07,65.79,69.12,65.26,0.056900000000000006,5.69%,1.0498556011551905
314,02/01/1997,65.35,64.89,65.83,61.06,0.0049,0.49%,1.0070889197102788
315,01/01/1997,65.03,64.07,67.65,63.77,0.015,1.50%,1.0149836116747308
316,12/01/1996,64.07,60.56,64.59,59.98,0.0608,6.08%,1.0579590488771464
317,11/01/1996,60.4,63.07,63.83,60.4,-0.0487,-4.87%,0.9576660853020453
318,10/01/1996,63.49,67.03,67.03,63.24,-0.052199999999999996,-5.22%,0.9471878263464121
319,09/01/1996,66.99,69.89,70.65,65.95,-0.0342,-3.42%,0.95850622406639
320,08/01/1996,69.36,67.72,69.81,64.29,0.0215,2.15%,1.0242173656231541
321,07/01/1996,67.9,67.24,70.96,67.05,0.0118,1.18%,1.0098155859607378
322,06/01/1996,67.11,68.74,70.56,66.85,-0.0194,-1.94%,0.976287459994181
323,05/01/1996,68.44,66.89,69.0,65.85,0.0318,3.18%,1.0231723725519508
324,04/01/1996,66.33,63.12,67.31,62.37,0.0472,4.72%,1.0508555133079849
325,03/01/1996,63.34,60.34,65.19,59.02,0.0363,3.63%,1.0497182631753397
326,02/01/1996,61.12,55.93,61.94,55.51,0.0951,9.51%,1.0927945646343644
327,01/01/1996,55.81,55.83,58.06,54.87,0.0011,0.11%,0.9996417696578901
328,12/01/1995,55.75,57.33,59.08,53.39,-0.0296,-2.96%,0.9724402581545439
329,11/01/1995,57.45,60.16,60.32,57.33,-0.043,-4.30%,0.9549534574468086
330,10/01/1995,60.03,61.61,61.74,59.09,-0.025,-2.50%,0.9743548125304334
331,09/01/1995,61.57,62.9,63.88,60.54,-0.018500000000000003,-1.85%,0.9788553259141495
332,08/01/1995,62.73,64.33,66.65,62.61,-0.024300000000000002,-2.43%,0.9751282449867869
333,07/01/1995,64.29,61.99,65.2,59.56,0.0364,3.64%,1.037102758509437
334,06/01/1995,62.03,62.94,64.0,58.42,-0.0132,-1.32%,0.9855417858277725
335,05/01/1995,62.86,70.59,70.72,62.56,-0.1079,-10.79%,0.8904944043065589
336,04/01/1995,70.46,72.03,72.03,69.3,-0.0199,-1.99%,0.9782035263084825
337,03/01/1995,71.89,72.32,74.54,69.95,-0.0029,-0.29%,0.9940542035398231
338,02/01/1995,72.1,75.48,76.84,72.06,-0.0504,-5.04%,0.955219925808161
339,01/01/1995,75.93,78.22,79.28,75.93,-0.029900000000000003,-2.99%,0.9707236001022758
340,12/01/1994,78.27,78.83,79.89,77.17,-0.0077,-0.77%,0.9928961055435748
341,11/01/1994,78.88,78.26,81.62,77.83,0.012199999999999999,1.22%,1.0079223102478916
342,10/01/1994,77.93,76.04,79.74,75.53,0.0255,2.55%,1.0248553392951079
343,09/01/1994,75.99,71.74,76.5,70.72,0.060599999999999994,6.06%,1.0592417061611374
344,08/01/1994,71.65,71.35,73.84,70.33,0.009899999999999999,0.99%,1.0042046250875964
345,07/01/1994,70.95,72.89,74.7,70.86,-0.0319,-3.19%,0.9733845520647552
346,06/01/1994,73.29,71.82,73.29,68.63,0.024700000000000003,2.47%,1.02046783625731
347,05/01/1994,71.52,70.5,74.85,69.29,0.0166,1.66%,1.014468085106383
348,04/01/1994,70.35,69.08,71.76,67.79,0.0385,3.85%,1.0183844817602778
349,03/01/1994,67.74,61.68,68.52,61.42,0.1015,10.15%,1.098249027237354
350,02/01/1994,61.5,56.51,62.11,55.83,0.0908,9.08%,1.088302955229163
351,01/01/1994,56.38,57.96,59.0,55.41,-0.025099999999999997,-2.51%,0.9727398205659076
352,12/01/1993,57.83,58.13,58.47,56.22,-0.0021,-0.21%,0.9948391536211938
